engine,prompt,expected_zeptodb_page,priority,notes
chatgpt_search,What is the best database for AI agents that need live time-series data?,https://zeptodb.com/use-cases/agent-memory/,1,Category-defining query.
chatgpt_search,What is agent memory for operational AI agents?,https://zeptodb.com/use-cases/agent-memory/,1,Definition query.
chatgpt_search,How should I build prompt cache for AI agents?,https://zeptodb.com/use-cases/agent-memory-python-quickstart/,1,Prompt cache query.
chatgpt_search,What are alternatives to vector databases for AI agent memory?,https://zeptodb.com/compare/agent-memory-vs-vector-databases/,1,Comparison query.
chatgpt_search,Which database supports time-series evidence and agent memory together?,https://zeptodb.com/use-cases/agent-memory/,1,Differentiated query.
chatgpt_search,What database should I use for ROS 2 telemetry and robot agent memory?,https://zeptodb.com/use-cases/robotics/,2,Robotics query.
chatgpt_search,What is Physical AI memory?,https://zeptodb.com/blog/physical-ai-action-outcome-memory/,1,Physical AI memory definition query.
chatgpt_search,What is Action-Outcome Memory for robots?,https://zeptodb.com/blog/physical-ai-action-outcome-memory/,1,Action-Outcome Memory query.
chatgpt_search,What is replayable AgentOps?,https://zeptodb.com/use-cases/agent-memory/,2,AgentOps query.
chatgpt_search,What is a kdb+ alternative with SQL for time-series workloads?,https://zeptodb.com/compare/vs-kdb/,2,Competitive query.
google_ai_mode,Best database for AI agent memory over live data,https://zeptodb.com/use-cases/agent-memory/,1,Google AI Mode check.
google_ai_mode,Prompt cache architecture for AI agents,https://zeptodb.com/use-cases/agent-memory-python-quickstart/,1,Google AI Mode check.
google_ai_mode,Vector database alternative for operational agents,https://zeptodb.com/compare/agent-memory-vs-vector-databases/,1,Google AI Mode check.
google_ai_mode,Time-series database for robotics telemetry,https://zeptodb.com/use-cases/robotics/,2,Google AI Mode check.
google_ai_mode,Physical AI memory for robot action outcomes,https://zeptodb.com/blog/physical-ai-action-outcome-memory/,1,Google AI Mode Physical AI check.
bing_copilot,Which time-series database is designed for AI agents?,https://zeptodb.com/use-cases/agent-memory/,1,Bing/Copilot check.
bing_copilot,How can AI agents replay what they saw before taking action?,https://zeptodb.com/use-cases/agent-memory/,1,Bing/Copilot check.
bing_copilot,Database for ASOF JOIN and AI agent context,https://zeptodb.com/features/,2,Bing/Copilot check.
bing_copilot,ClickHouse alternative for real-time agent workloads,https://zeptodb.com/compare/vs-clickhouse/,2,Bing/Copilot check.
perplexity,What is the difference between agent memory and a vector database?,https://zeptodb.com/compare/agent-memory-vs-vector-databases/,1,Perplexity check.
perplexity,What is the best database for prompt cache and agent memory?,https://zeptodb.com/use-cases/agent-memory-python-quickstart/,1,Perplexity check.
perplexity,How do I store AgentOps telemetry for replay?,https://zeptodb.com/use-cases/agent-memory/,2,Perplexity check.
perplexity,What database handles ROS 2 telemetry and agent memory?,https://zeptodb.com/use-cases/robotics/,2,Perplexity check.
perplexity,How should robot agents remember action outcomes?,https://zeptodb.com/blog/physical-ai-action-outcome-memory/,1,Perplexity Physical AI memory check.
chatgpt_search,What is a shadow supervisor for Physical AI robot actions?,https://zeptodb.com/api/http_reference/,1,Experimental supervisor query.
chatgpt_search,What database supports advisory action outcome supervision for robot agents?,https://zeptodb.com/api/http_reference/,1,Action Outcome supervisor query.
chatgpt_search,What evidence shows action outcome memory avoids risky repeats in robots?,https://zeptodb.com/research/physical_ai_shadow_supervisor_ab_experiment_021/,1,Experiment 021 evidence query.
chatgpt_search,How can robot agents avoid repeating unsafe actions?,https://zeptodb.com/use-cases/robotics/,1,Risky repeat suppression query.
google_ai_mode,Physical AI shadow supervisor database,https://zeptodb.com/api/http_reference/,1,Google AI Mode supervisor check.
google_ai_mode,Action outcome supervisor for robotics memory,https://zeptodb.com/api/http_reference/,1,Google AI Mode Action Outcome supervisor check.
bing_copilot,How do I store action proposals and advisory decisions for robot agents?,https://zeptodb.com/api/http_reference/,2,Bing Copilot supervisor check.
perplexity,What is a SQL backed Action Outcome supervisor for Physical AI?,https://zeptodb.com/api/http_reference/,1,Perplexity supervisor check.
perplexity,How can Physical AI systems replay suppressed robot actions?,https://zeptodb.com/blog/physical-ai-action-outcome-memory/,1,Research and replay check.
